<NBHUtil>
<device name="Hermes" chunksize="64">
	<ModelID>HERM***</ModelID>
	<CID>11111111</CID>
	<Ver>1.00.Hermes</Ver>
	<Lang>WWE</Lang>
	<Item value="0x100">IPL</Item>
	<Item value="0x200">SPL</Item>
	<Item value="0x300">Radio</Item>
	<Item value="0x400">OS</Item>
	<Item value="0x600">Splash</Item>
	<Item value="0x601">SubSplash</Item>
	<Item value="0x700">ExtROM</Item>
</device>
<device name="Trinity" chunksize="64">
	<ModelID>TRIN***</ModelID>
	<CID>11111111</CID>
	<Ver>1.00.Trinity</Ver>
	<Lang>WWE</Lang>
	<Item value="0x100">IPL</Item>
	<Item value="0x200">SPL</Item>
	<Item value="0x300">Radio</Item>
	<Item value="0x400">OS</Item>
	<Item value="0x401">P3600i OS</Item>
	<Item value="0x600">Splash</Item>
	<Item value="0x601">SubSplash</Item>
	<Item value="0x900">ExtROM</Item>
</device>
<device name="Artemis" chunksize="1024">
	<ModelID>ARTE*****</ModelID>
	<CID>11111111</CID>
	<Ver>1.00.Artemis</Ver>
	<Lang>WWE</Lang>
	<Item value="0x101">IPL G3</Item>
	<Item value="0x102">IPL G4</Item>
	<Item value="0x200">SPL</Item>
	<Item value="0x600">Splash</Item>
	<Item value="0x300">Radio</Item>
	<Item value="0x900">ExtROM</Item>
	<Item value="0x400">OS</Item>
</device>
<device name="Elf" chunksize="1024">
	<ModelID>ELF0*****</ModelID>
	<CID>11111111</CID>
	<Ver>1.00.Elf</Ver>
	<Lang>WWE</Lang>
	<Item value="0x103">IPL H3</Item>
	<Item value="0x102">IPL G4</Item>
	<Item value="0x200">SPL</Item>
	<Item value="0x600">Splash</Item>
	<Item value="0x300">Radio</Item>
	<Item value="0x900">ExtROM</Item>
	<Item value="0x400">OS</Item>
</device>
<device name="Athena" chunksize="64">
	<ModelID>ATHE***</ModelID>
	<CID>11111111</CID>
	<Ver>1.00.Athena</Ver>
	<Lang>WWE</Lang>
	<Item value="0x103">IPL H3</Item>
	<Item value="0x102">IPL G4</Item>
	<Item value="0x200">SPL</Item>
	<Item value="0x300">Radio</Item>
	<Item value="0x400">OS</Item>
	<Item value="0x410">Hacked OS</Item>
	<Item value="0x600">Splash</Item>
	<Item value="0x601">SubSplash</Item>
	<Item value="0x810">SiRF GPS</Item>
	<Item value="0x900">ExtROM</Item>
</device>
<device name="Kaiser" chunksize="64">
	<ModelID>KAIS*****</ModelID>
	<CID>11111111</CID>
	<Ver>1.00.Kaiser</Ver>
	<Lang>WWE</Lang>
	<Item value="0x200">SPL</Item>
	<Item value="0x301">Radio</Item>
	<Item value="0x400">OS</Item>
	<Item value="0x500">Diag</Item>
	<Item value="0x600">Splash</Item>
</device>
<device name="Polaris" chunksize="64">
	<ModelID>POLA*****</ModelID>
	<CID>11111111</CID>
	<Ver>1.00.Polaris</Ver>
	<Lang>WWE</Lang>
	<Item value="0x200">SPL</Item>
	<Item value="0x301">Radio</Item>
	<Item value="0x400">OS</Item>
	<Item value="0x600">Splash</Item>
</device>
<device name="Nike" chunksize="64">
	<ModelID>NIKI*****</ModelID>
	<CID>11111111</CID>
	<Ver>1.00.Nike</Ver>
	<Lang>WWE</Lang>
	<Item value="0x200">SPL</Item>
	<Item value="0x301">Radio</Item>
	<Item value="0x400">OS</Item>
	<Item value="0x600">Splash</Item>
</device>
<device name="Herald" chunksize="1024">
	<ModelID>HERA*****</ModelID>
	<CID>11111111</CID>
	<Ver>1.00.Herald</Ver>
	<Lang>WWE</Lang>
	<Item value="0x102">IPL G4</Item>
	<Item value="0x103">IPL H3</Item>
	<Item value="0x200">SPL</Item>
	<Item value="0x300">Radio</Item>
	<Item value="0x400">OS</Item>
	<Item value="0x600">Splash</Item>
	<Item value="0x900">ExtROM</Item>
</device>
<device name="Neon" chunksize="64">
	<ModelID>NEON*****</ModelID>
	<CID>11111111</CID>
	<Ver>1.00.Neon</Ver>
	<Lang>WWE</Lang>
	<Item value="0x200">SPL</Item>
	<Item value="0x301">Radio</Item>
	<Item value="0x400">OS</Item>
	<Item value="0x600">Splash</Item>
</device>
<device name="Sedna" chunksize="64">
	<ModelID>SEDN*****</ModelID>
	<CID>11111111</CID>
	<Ver>1.00.Sedna</Ver>
	<Lang>WWE</Lang>
	<Item value="0x200">SPL</Item>
	<Item value="0x301">Radio</Item>
	<Item value="0x400">OS</Item>
	<Item value="0x500">Diag</Item>
	<Item value="0x600">Splash</Item>
</device>
<device name="Cheetah" chunksize="64">
	<ModelID>Palm Treo 750</ModelID>
	<CID>11111111</CID>
	<Ver>1.00.Cheetah</Ver>
	<Lang>WWE</Lang>
	<Item value="0x100">IPL</Item>
	<Item value="0x200">SPL</Item>
	<Item value="0x300">Radio</Item>
	<Item value="0x400">OS</Item>
	<Item value="0x600">Splash</Item>
	<Item value="0x601">SubSplash</Item>
	<Item value="0x700">ExtROM</Item>
	<Item value="0x800">uP</Item>
</device>
<device name="Oxygen" chunksize="1024">
	<ModelID>OXYG***</ModelID>
	<CID>11111111</CID>
	<Ver>1.00.Cheetah</Ver>
	<Lang>WWE</Lang>
	<Item value="0x100">IPL</Item>
	<Item value="0x200">SPL</Item>
	<Item value="0x300">Radio</Item>
	<Item value="0x400">OS</Item>
	<Item value="0x600">Splash</Item>
</device>
<device name="Startrek" chunksize="1024">
	<ModelID>StarTrek</ModelID>
	<CID>11111111</CID>
	<Ver>1.00.StarTrek</Ver>
	<Lang>WWE</Lang>
	<Item value="0x101">IPL G3</Item>
	<Item value="0x102">IPL G4</Item>
	<Item value="0x200">SPL</Item>
	<Item value="0x300">Radio</Item>
	<Item value="0x400">OS</Item>
	<Item value="0x600">Splash</Item>
	<Item value="0x700">SubSplash</Item>
</device>
<device name="Titan" chunksize="64">
	<ModelID>TITA*****</ModelID>
	<CID>11111111</CID>
	<Ver>1.00.Titan</Ver>
	<Lang>WWE</Lang>
	<Item value="0x200">SPL</Item>
	<Item value="0x300">Radio</Item>
	<Item value="0x400">OS</Item>
	<Item value="0x600">Splash</Item>
	<Item value="0x601">SubSplash</Item>
</device>
<device name="Diamond" chunksize="64">
	<ModelID>DIAM*****</ModelID>
	<CID>11111111</CID>
	<Ver>1.3 ervius</Ver>
	<Lang>ITA</Lang>
	<Item value="0x200">SPL</Item>
	<Item value="0x301">Radio</Item>
	<Item value="0x400">OS</Item>
	<Item value="0x500">Diag</Item>
	<Item value="0x600">Splash</Item>
</device>
<device name="Raphael" chunksize="64">
	<ModelID>RAPH***</ModelID>
	<CID>11111111</CID>
	<Ver>1.00.Raphael</Ver>
	<Lang>WWE</Lang>
	<Item value="0x200">SPL</Item>
	<Item value="0x301">Radio</Item>
	<Item value="0x400">OS</Item>
	<Item value="0x500">Diag</Item>
	<Item value="0x600">Splash</Item>
</device>
<device name="Herman" chunksize="64">
	<ModelID>RAPH***</ModelID>
	<CID>11111111</CID>
	<Ver>1.00.Herman</Ver>
	<Lang>WWE</Lang>
	<Item value="0x200">SPL</Item>
	<Item value="0x301">Radio</Item>
	<Item value="0x400">OS</Item>
	<Item value="0x500">Diag</Item>
	<Item value="0x600">Splash</Item>
</device>
</NBHUtil>